"","ccode","year","confid","dyadid","dyadep","state","rebel","rebelid","conf_dur","ep_dur","term","outcome","agree","peace","cease","checks","polariz","frag","intrafrag","rebfrag","pgm_lib","pgm_con","pgm_lib_log","pgm_con_log","checks_log"
"254",200,1948,"1-31",693,69301,"United Kingdom","CPM",1038,1,1,0,0,0,0,0,NA,NA,-2.30496284654346,-1.2955969248581,2,0,0,0,0,NA
"255",200,1949,"1-31",693,69301,"United Kingdom","CPM",1038,2,2,0,0,0,0,0,NA,NA,-2.30496284654346,-1.2955969248581,2,1,1,0.0953101798043249,0.0953101798043249,NA
"256",200,1950,"1-31",693,69301,"United Kingdom","CPM",1038,3,3,0,0,0,0,0,NA,NA,-2.30496284654346,-1.2955969248581,2,1,1,0.0953101798043249,0.0953101798043249,NA
"257",200,1951,"1-31",693,69301,"United Kingdom","CPM",1038,4,4,0,0,0,0,0,NA,NA,-2.30496284654346,-1.2955969248581,2,1,1,0.0953101798043249,0.0953101798043249,NA
"258",200,1952,"1-31",693,69301,"United Kingdom","CPM",1038,5,5,0,0,0,0,0,NA,NA,-2.30496284654346,-1.2955969248581,2,1,1,0.0953101798043249,0.0953101798043249,NA
"260",200,1953,"1-31",693,69301,"United Kingdom","CPM",1038,6,6,0,0,0,0,0,NA,NA,-2.30496284654346,-1.2955969248581,2,1,1,0.0953101798043249,0.0953101798043249,NA
"263",200,1954,"1-31",693,69301,"United Kingdom","CPM",1038,7,7,0,0,0,0,0,NA,NA,-2.30496284654346,-1.2955969248581,2,1,1,0.0953101798043249,0.0953101798043249,NA
"264",200,1955,"1-31",693,69301,"United Kingdom","CPM",1038,8,8,0,0,0,0,0,NA,NA,-2.30496284654346,-1.2955969248581,2,1,1,0.0953101798043249,0.0953101798043249,NA
"267",200,1956,"1-31",693,69301,"United Kingdom","CPM",1038,9,9,0,0,0,0,0,NA,NA,-2.30496284654346,-1.2955969248581,2,1,1,0.0953101798043249,0.0953101798043249,NA
"271",200,1957,"1-31",693,69301,"United Kingdom","CPM",1038,10,10,1,6,0,0,0,NA,NA,-2.30496284654346,-1.2955969248581,2,1,1,0.0953101798043249,0.0953101798043249,NA
"501",373,1991,"1-193",361,36101,"Azerbaijan","Republic of Nagorno-Karabakh",1181,1,1,0,0,0,0,0,NA,NA,0.972631376740595,-1.04901130229339,2,0,0,0,0,NA
"502",373,1992,"1-193",361,36101,"Azerbaijan","Republic of Nagorno-Karabakh",1181,2,2,0,0,0,0,0,1,0,0.326192877918565,-0.26823037169653,2,0,0,0,0,0.0953101798043249
"503",373,1993,"1-193",361,36101,"Azerbaijan","Republic of Nagorno-Karabakh",1181,3,3,0,0,0,0,0,NA,NA,1.45163131847685,-0.26823037169653,2,0,0,0,0,NA
"505",373,1994,"1-193",361,36101,"Azerbaijan","Republic of Nagorno-Karabakh",1181,4,4,1,2,1,0,1,NA,NA,2.46338391671514,-1.02245362268884,2,0,0,0,0,NA
"507",373,1997,"1-193",361,36102,"Azerbaijan","Republic of Nagorno-Karabakh",1181,5,1,0,0,0,0,0,1,0,2.46338391671514,-1.02245362268884,2,0,0,0,0,0.0953101798043249
"508",373,1998,"1-193",361,36102,"Azerbaijan","Republic of Nagorno-Karabakh",1181,6,2,1,5,0,0,0,1,0,2.46338391671514,-1.02245362268884,2,0,0,0,0,0.0953101798043249
"509",373,2005,"1-193",361,36103,"Azerbaijan","Republic of Nagorno-Karabakh",1181,7,1,1,5,0,0,0,1,0,-0.411205402744615,-1.70606069179676,2,0,0,0,0,0.0953101798043249
"510",373,2008,"1-193",361,36104,"Azerbaijan","Republic of Nagorno-Karabakh",1181,8,1,1,5,0,0,0,2,NA,-0.411205402744615,-1.7159067585723,2,0,0,0,0,0.741937344729377
"511",373,2012,"1-193",361,36105,"Azerbaijan","Republic of Nagorno-Karabakh",1181,9,1,1,5,0,0,0,1,0,-0.411205402744615,-1.97294269860124,2,0,0,0,0,0.0953101798043249
"512",373,2014,"1-193",361,36106,"Azerbaijan","Republic of Nagorno-Karabakh",1181,10,1,NA,0,0,0,0,1,0,-0.490682623730807,-0.981276797535766,2,0,0,0,0,0.0953101798043249
"532",433,1990,"1-180",129,12901,"Senegal","MFDC",1381,1,1,1,2,1,0,1,2,0,0.960055834209067,-0.489526931603412,NA,0,0,0,0,0.741937344729377
"533",433,1992,"1-180",129,12902,"Senegal","MFDC",1381,2,1,0,0,0,0,0,2,0,0.960055834209067,-0.489526931603412,NA,0,0,0,0,0.741937344729377
"534",433,1993,"1-180",129,12902,"Senegal","MFDC",1381,3,2,1,2,1,0,1,2,0,0.960055834209067,-0.489526931603412,NA,0,0,0,0,0.741937344729377
"535",433,1995,"1-180",129,12903,"Senegal","MFDC",1381,4,1,1,5,0,0,0,2,0,0.960055834209067,-0.489526931603412,NA,0,0,0,0,0.741937344729377
"536",433,1997,"1-180",129,12904,"Senegal","MFDC",1381,5,1,0,0,0,0,0,2,0,0.960055834209067,-0.489526931603412,NA,0,0,0,0,0.741937344729377
"537",433,1998,"1-180",129,12904,"Senegal","MFDC",1381,6,2,1,5,0,0,0,2,0,0.960055834209067,-0.489526931603412,NA,0,0,0,0,0.741937344729377
"538",433,2000,"1-180",129,12905,"Senegal","MFDC",1381,7,1,0,0,0,0,0,2,0,0.241216855038033,-0.489526931603412,NA,0,0,0,0,0.741937344729377
"539",433,2001,"1-180",129,12905,"Senegal","MFDC",1381,8,2,1,5,0,0,0,5,2,0.241216855038033,-0.489526931603412,NA,0,0,0,0,1.62924053973028
"540",433,2003,"1-180",129,12906,"Senegal","MFDC",1381,9,1,1,1,1,1,0,3,0,0.241216855038033,-0.489526931603412,NA,0,0,0,0,1.1314021114911
"541",433,2011,"1-180",129,12907,"Senegal","MFDC",1381,10,1,1,5,0,0,0,2,0,0.120844248767843,-0.489526931603412,NA,0,0,0,0,0.741937344729377
"1166",625,1963,"1-85",676,67601,"Sudan","SSLM",1264,1,1,0,0,0,0,0,NA,NA,0.694277516452871,0.0729002517060626,NA,0,0,0,0,NA
"1167",625,1964,"1-85",676,67601,"Sudan","SSLM",1264,2,2,0,0,0,0,0,NA,NA,1.6363753225986,0.0729002517060626,NA,0,0,0,0,NA
"1168",625,1965,"1-85",676,67601,"Sudan","SSLM",1264,3,3,0,0,0,0,0,NA,NA,-0.166906924746425,0.0729002517060626,NA,0,0,0,0,NA
"1169",625,1966,"1-85",676,67601,"Sudan","SSLM",1264,4,4,0,0,0,0,0,NA,NA,-0.166906924746425,0.0729002517060626,NA,0,0,0,0,NA
"1170",625,1967,"1-85",676,67601,"Sudan","SSLM",1264,5,5,0,0,0,0,0,NA,NA,-0.166906924746425,0.0729002517060626,NA,0,0,0,0,NA
"1171",625,1968,"1-85",676,67601,"Sudan","SSLM",1264,6,6,0,0,0,0,0,NA,NA,-0.166906924746425,0.0729002517060626,NA,0,0,0,0,NA
"1172",625,1969,"1-85",676,67601,"Sudan","SSLM",1264,7,7,0,0,0,0,0,NA,NA,0.503905925234729,0.0524726701658485,NA,0,0,0,0,NA
"1173",625,1970,"1-85",676,67601,"Sudan","SSLM",1264,8,8,0,0,0,0,0,NA,NA,0.503905925234729,0.0524726701658485,NA,0,0,0,0,NA
"1175",625,1971,"1-85",676,67601,"Sudan","SSLM",1264,9,9,0,0,0,0,0,NA,NA,0.503905925234729,0.0524726701658485,NA,0,0,0,0,NA
"1176",625,1972,"1-85",676,67601,"Sudan","SSLM",1264,10,10,1,1,1,1,0,NA,NA,0.503905925234729,0.0524726701658485,NA,0,0,0,0,NA
"1346",645,1982,"1-62",298,29801,"Iraq","SCIRI",1073,1,1,0,0,0,0,0,1,0,-2.26576214313224,-1.27665327100556,NA,1,1,0.0953101798043249,0.0953101798043249,0.0953101798043249
"1350",645,1983,"1-62",298,29801,"Iraq","SCIRI",1073,2,2,0,0,0,0,0,1,0,-2.26576214313224,-1.27665327100556,NA,1,1,0.0953101798043249,0.0953101798043249,0.0953101798043249
"1352",645,1984,"1-62",298,29801,"Iraq","SCIRI",1073,3,3,1,5,0,0,0,1,0,-2.26576214313224,-1.27665327100556,NA,1,1,0.0953101798043249,0.0953101798043249,0.0953101798043249
"1358",645,1987,"1-62",298,29802,"Iraq","SCIRI",1073,4,1,1,5,0,0,0,1,0,-2.26576214313224,-1.27665327100556,NA,3,5,1.1314021114911,1.62924053973028,0.0953101798043249
"1366",645,1991,"1-62",298,29803,"Iraq","SCIRI",1073,5,1,0,0,0,0,0,1,0,-2.26576214313224,-1.27665327100556,NA,3,2,1.1314021114911,0.741937344729377,0.0953101798043249
"1369",645,1992,"1-62",298,29803,"Iraq","SCIRI",1073,6,2,0,0,0,0,0,1,0,-2.26576214313224,-1.27665327100556,NA,3,2,1.1314021114911,0.741937344729377,0.0953101798043249
"1371",645,1993,"1-62",298,29803,"Iraq","SCIRI",1073,7,3,0,0,0,0,0,1,0,-2.26576214313224,-1.27665327100556,NA,3,2,1.1314021114911,0.741937344729377,0.0953101798043249
"1372",645,1994,"1-62",298,29803,"Iraq","SCIRI",1073,8,4,0,0,0,0,0,1,0,-2.26576214313224,-1.27665327100556,NA,4,2,1.41098697371026,0.741937344729377,0.0953101798043249
"1373",645,1995,"1-62",298,29803,"Iraq","SCIRI",1073,9,5,0,0,0,0,0,1,0,-2.26576214313224,-1.27665327100556,NA,4,2,1.41098697371026,0.741937344729377,0.0953101798043249
"1376",645,1996,"1-62",298,29803,"Iraq","SCIRI",1073,10,6,1,5,0,0,0,1,0,-2.26576214313224,-1.27665327100556,NA,8,2,2.09186406167839,0.741937344729377,0.0953101798043249
"1589",700,1980,"1-137",732,73201,"Afghanistan","Mahaz-i Milli-yi Islami-yi Afghanistan",1138,1,1,0,0,0,0,0,1,0,1.51750340839869,0.528177601867277,2,2,2,0.741937344729377,0.741937344729377,0.0953101798043249
"1594",700,1981,"1-137",732,73201,"Afghanistan","Mahaz-i Milli-yi Islami-yi Afghanistan",1138,2,2,0,0,0,0,0,1,0,1.51750340839869,0.528177601867277,2,2,2,0.741937344729377,0.741937344729377,0.0953101798043249
"1603",700,1982,"1-137",732,73201,"Afghanistan","Mahaz-i Milli-yi Islami-yi Afghanistan",1138,3,3,0,0,0,0,0,1,0,1.51750340839869,0.528177601867277,2,4,3,1.41098697371026,1.1314021114911,0.0953101798043249
"1611",700,1983,"1-137",732,73201,"Afghanistan","Mahaz-i Milli-yi Islami-yi Afghanistan",1138,4,4,0,0,0,0,0,1,0,1.51750340839869,0.528177601867277,2,4,3,1.41098697371026,1.1314021114911,0.0953101798043249
"1616",700,1984,"1-137",732,73201,"Afghanistan","Mahaz-i Milli-yi Islami-yi Afghanistan",1138,5,5,0,0,0,0,0,1,0,1.51750340839869,0.528177601867277,2,6,4,1.80828877117927,1.41098697371026,0.0953101798043249
"1626",700,1985,"1-137",732,73201,"Afghanistan","Mahaz-i Milli-yi Islami-yi Afghanistan",1138,6,6,0,0,0,0,0,1,0,1.51750340839869,0.528177601867277,2,6,4,1.80828877117927,1.41098697371026,0.0953101798043249
"1635",700,1986,"1-137",732,73201,"Afghanistan","Mahaz-i Milli-yi Islami-yi Afghanistan",1138,7,7,0,0,0,0,0,1,0,1.51750340839869,0.528177601867277,2,6,4,1.80828877117927,1.41098697371026,0.0953101798043249
"1640",700,1987,"1-137",732,73201,"Afghanistan","Mahaz-i Milli-yi Islami-yi Afghanistan",1138,8,8,0,0,0,0,0,1,0,1.51750340839869,0.528177601867277,2,6,4,1.80828877117927,1.41098697371026,0.0953101798043249
"1645",700,1988,"1-137",732,73201,"Afghanistan","Mahaz-i Milli-yi Islami-yi Afghanistan",1138,9,9,0,0,0,0,0,1,0,1.51750340839869,0.528177601867277,2,8,5,2.09186406167839,1.62924053973028,0.0953101798043249
"1653",700,1989,"1-137",732,73201,"Afghanistan","Mahaz-i Milli-yi Islami-yi Afghanistan",1138,10,10,1,5,0,0,0,1,0,1.51750340839869,0.528177601867277,2,6,4,1.80828877117927,1.41098697371026,0.0953101798043249
"1752",750,1979,"1-139",515,51501,"India","TNV",1148,1,1,0,0,0,0,0,4,0,1.68903933678302,-0.650243246747552,2,3,4,1.1314021114911,1.41098697371026,1.41098697371026
"1753",750,1980,"1-139",515,51501,"India","TNV",1148,2,2,0,0,0,0,0,4,0,2.39517062300427,-0.650243246747552,2,3,4,1.1314021114911,1.41098697371026,1.41098697371026
"1754",750,1981,"1-139",515,51501,"India","TNV",1148,3,3,0,0,0,0,0,4,0,2.39517062300427,-0.650243246747552,2,3,6,1.1314021114911,1.80828877117927,1.41098697371026
"1756",750,1982,"1-139",515,51501,"India","TNV",1148,4,4,0,0,0,0,0,4,0,2.39517062300427,-0.650243246747552,2,3,6,1.1314021114911,1.80828877117927,1.41098697371026
"1757",750,1983,"1-139",515,51501,"India","TNV",1148,5,5,0,0,0,0,0,4,0,2.39517062300427,-0.650243246747552,2,3,6,1.1314021114911,1.80828877117927,1.41098697371026
"1761",750,1984,"1-139",515,51501,"India","TNV",1148,6,6,0,0,0,0,0,4,0,2.39517062300427,-0.650243246747552,2,5,6,1.62924053973028,1.80828877117927,1.41098697371026
"1765",750,1985,"1-139",515,51501,"India","TNV",1148,7,7,0,0,0,0,0,4,0,2.39517062300427,-0.650243246747552,2,5,6,1.62924053973028,1.80828877117927,1.41098697371026
"1768",750,1986,"1-139",515,51501,"India","TNV",1148,8,8,0,0,0,0,0,4,0,2.39517062300427,-0.689777161062894,2,5,6,1.62924053973028,1.80828877117927,1.41098697371026
"1769",750,1987,"1-139",515,51501,"India","TNV",1148,9,9,0,0,0,0,0,4,0,1.80713962317942,-0.689777161062894,2,5,6,1.62924053973028,1.80828877117927,1.41098697371026
"1772",750,1988,"1-139",515,51501,"India","TNV",1148,10,10,1,1,1,1,0,3,0,1.24048818537691,-0.689777161062894,2,5,6,1.62924053973028,1.80828877117927,1.1314021114911
"1789",750,1993,"1-152",336,33601,"India","UNLF",1158,1,1,0,0,0,0,0,7,0,-0.249830987023732,-0.689777161062894,2,5,7,1.62924053973028,1.96009478404727,1.96009478404727
"1794",750,1994,"1-152",336,33601,"India","UNLF",1158,2,2,1,5,0,0,0,5,0,-0.249830987023732,-0.689777161062894,2,5,7,1.62924053973028,1.96009478404727,1.62924053973028
"1824",750,1999,"1-152",336,33602,"India","UNLF",1158,3,1,0,0,0,0,0,16,2,-0.775767339153125,-0.689777161062894,2,8,2,2.09186406167839,0.741937344729377,2.77881927199042
"1831",750,2000,"1-152",336,33602,"India","UNLF",1158,4,2,1,5,0,0,0,5,2,-0.775767339153125,-0.689777161062894,2,8,2,2.09186406167839,0.741937344729377,1.62924053973028
"1854",750,2003,"1-152",336,33603,"India","UNLF",1158,5,1,0,0,0,0,0,5,2,-0.775767339153125,-0.689777161062894,2,8,2,2.09186406167839,0.741937344729377,1.62924053973028
"1865",750,2004,"1-152",336,33603,"India","UNLF",1158,6,2,0,0,0,0,0,5,2,-0.775767339153125,-0.689777161062894,2,6,2,1.80828877117927,0.741937344729377,1.62924053973028
"1866",750,2005,"1-152",336,33603,"India","UNLF",1158,7,3,0,0,0,0,0,17,0,-0.775767339153125,-0.689777161062894,2,8,2,2.09186406167839,0.741937344729377,2.83907846350861
"1868",750,2005,"1-29",451,45101,"India","CPI-Maoist",1037,1,1,0,0,0,0,0,17,0,-0.775767339153125,-0.689777161062894,2,8,2,2.09186406167839,0.741937344729377,2.83907846350861
"1872",750,2006,"1-152",336,33603,"India","UNLF",1158,8,4,0,0,0,0,0,17,0,-0.775767339153125,-0.689777161062894,2,8,2,2.09186406167839,0.741937344729377,2.83907846350861
"1874",750,2006,"1-29",451,45101,"India","CPI-Maoist",1037,2,2,0,0,0,0,0,17,0,-0.775767339153125,-0.689777161062894,2,8,2,2.09186406167839,0.741937344729377,2.83907846350861
"1877",750,2007,"1-29",451,45101,"India","CPI-Maoist",1037,3,3,0,0,0,0,0,17,0,-0.775767339153125,-0.689777161062894,2,8,2,2.09186406167839,0.741937344729377,2.83907846350861
"1878",750,2007,"1-152",336,33603,"India","UNLF",1158,9,5,1,5,0,0,0,17,0,-0.775767339153125,-0.689777161062894,2,8,2,2.09186406167839,0.741937344729377,2.83907846350861
"1881",750,2008,"1-29",451,45101,"India","CPI-Maoist",1037,4,4,0,0,0,0,0,17,0,-0.775767339153125,-0.689777161062894,2,0,0,0,0,2.83907846350861
"1885",750,2009,"1-152",336,33604,"India","UNLF",1158,10,1,1,5,0,0,0,17,0,-0.775767339153125,-0.689777161062894,2,0,0,0,0,2.83907846350861
"1887",750,2009,"1-29",451,45101,"India","CPI-Maoist",1037,5,5,0,0,0,0,0,17,0,-0.775767339153125,-0.689777161062894,2,0,0,0,0,2.83907846350861
"1892",750,2010,"1-29",451,45101,"India","CPI-Maoist",1037,6,6,0,0,0,0,0,4,0,-0.775767339153125,-0.830471012742097,2,0,0,0,0,1.41098697371026
"1896",750,2011,"1-29",451,45101,"India","CPI-Maoist",1037,7,7,0,0,0,0,0,4,0,-0.775767339153125,-0.830471012742097,2,0,0,0,0,1.41098697371026
"1898",750,2012,"1-29",451,45101,"India","CPI-Maoist",1037,8,8,0,0,0,0,0,4,0,-0.666109306937559,-0.830471012742097,2,0,0,0,0,1.41098697371026
"1901",750,2013,"1-29",451,45101,"India","CPI-Maoist",1037,9,9,0,0,0,0,0,4,0,-0.687961169822072,-0.803831939638097,2,0,0,0,0,1.41098697371026
"1905",750,2014,"1-29",451,45101,"India","CPI-Maoist",1037,10,10,NA,0,0,0,0,4,0,-1.19799488584995,-0.803831939638097,2,0,0,0,0,1.41098697371026
"1972",775,1948,"1-25",799,79901,"Myanmar (Burma)","APLP",1934,1,1,0,0,0,0,0,NA,NA,1.24620269757871,0.699033159646391,3,0,0,0,0,NA
"1981",775,1949,"1-25",799,79901,"Myanmar (Burma)","APLP",1934,2,2,0,0,0,0,0,NA,NA,1.24620269757871,0.699033159646391,3,0,0,0,0,NA
"1986",775,1950,"1-25",799,79901,"Myanmar (Burma)","APLP",1934,3,3,0,0,0,0,0,NA,NA,1.24620269757871,0.699033159646391,3,0,0,0,0,NA
"1991",775,1951,"1-25",799,79901,"Myanmar (Burma)","APLP",1934,4,4,0,0,0,0,0,NA,NA,1.24620269757871,0.699033159646391,3,0,0,0,0,NA
"2002",775,1952,"1-25",799,79901,"Myanmar (Burma)","APLP",1934,5,5,0,0,0,0,0,NA,NA,1.24620269757871,0.699033159646391,3,0,0,0,0,NA
"2007",775,1953,"1-25",799,79901,"Myanmar (Burma)","APLP",1934,6,6,0,0,0,0,0,NA,NA,1.24620269757871,0.699033159646391,3,0,0,0,0,NA
"2010",775,1954,"1-25",799,79901,"Myanmar (Burma)","APLP",1934,7,7,0,0,0,0,0,NA,NA,1.24620269757871,0.699033159646391,3,0,0,0,0,NA
"2015",775,1955,"1-25",799,79901,"Myanmar (Burma)","APLP",1934,8,8,0,0,0,0,0,NA,NA,1.24620269757871,0.699033159646391,3,0,0,0,0,NA
"2019",775,1956,"1-25",799,79901,"Myanmar (Burma)","APLP",1934,9,9,0,0,0,0,0,NA,NA,1.24620269757871,0.699033159646391,3,0,0,0,0,NA
"2025",775,1957,"1-25",799,79901,"Myanmar (Burma)","APLP",1934,10,10,1,2,1,0,1,NA,NA,1.24620269757871,0.699033159646391,3,0,0,0,0,NA
"2064",775,1964,"1-25",802,80201,"Myanmar (Burma)","CPA",1936,1,1,0,0,0,0,0,NA,NA,-0.313402278386849,-0.776216863633884,3,0,0,0,0,NA
"2069",775,1965,"1-25",802,80201,"Myanmar (Burma)","CPA",1936,2,2,0,0,0,0,0,NA,NA,-0.313402278386849,-1.59068685824387,3,0,0,0,0,NA
"2073",775,1966,"1-25",802,80201,"Myanmar (Burma)","CPA",1936,3,3,0,0,0,0,0,NA,NA,-0.313402278386849,-1.59068685824387,3,0,0,0,0,NA
"2081",775,1967,"1-25",802,80201,"Myanmar (Burma)","CPA",1936,4,4,0,0,0,0,0,NA,NA,-0.313402278386849,-1.59068685824387,3,0,0,0,0,NA
"2086",775,1968,"1-25",802,80201,"Myanmar (Burma)","CPA",1936,5,5,0,0,0,0,0,NA,NA,-0.313402278386849,-1.59068685824387,3,0,0,0,0,NA
"2093",775,1969,"1-25",802,80201,"Myanmar (Burma)","CPA",1936,6,6,0,0,0,0,0,NA,NA,-0.313402278386849,-1.59068685824387,3,0,0,0,0,NA
"2098",775,1969,"1-67",747,74701,"Myanmar (Burma)","SURA",1094,1,1,0,0,0,0,0,NA,NA,-0.313402278386849,-1.59068685824387,2,0,0,0,0,NA
"2102",775,1970,"1-25",802,80201,"Myanmar (Burma)","CPA",1936,7,7,0,0,0,0,0,NA,NA,-0.313402278386849,-1.59068685824387,3,0,0,0,0,NA
"2111",775,1970,"1-67",747,74701,"Myanmar (Burma)","SURA",1094,2,2,1,5,0,0,0,NA,NA,-0.313402278386849,-1.59068685824387,2,0,0,0,0,NA
"2117",775,1971,"1-25",802,80201,"Myanmar (Burma)","CPA",1936,8,8,0,0,0,0,0,NA,NA,-0.313402278386849,-1.59068685824387,3,0,0,0,0,NA
"2119",775,1972,"1-25",802,80201,"Myanmar (Burma)","CPA",1936,9,9,0,0,0,0,0,NA,NA,-0.313402278386849,-1.59068685824387,3,0,0,0,0,NA
"2128",775,1973,"1-25",802,80201,"Myanmar (Burma)","CPA",1936,10,10,1,5,0,0,0,NA,NA,-0.313402278386849,-1.59068685824387,3,0,0,0,0,NA
"2129",775,1973,"1-265",797,79701,"Myanmar (Burma)","LNUP",1756,1,1,0,0,0,0,0,NA,NA,-0.313402278386849,-1.59068685824387,1,0,0,0,0,NA
"2137",775,1974,"1-265",797,79701,"Myanmar (Burma)","LNUP",1756,2,2,0,0,0,0,0,NA,NA,-0.313402278386849,-1.59068685824387,1,0,0,0,0,NA
"2139",775,1975,"1-265",797,79701,"Myanmar (Burma)","LNUP",1756,3,3,0,0,0,0,0,1,0,-0.313402278386849,-1.59068685824387,1,0,0,0,0,0.0953101798043249
"2146",775,1976,"1-67",747,74702,"Myanmar (Burma)","SURA",1094,3,1,0,0,0,0,0,1,0,-0.313402278386849,-1.59068685824387,2,0,0,0,0,0.0953101798043249
"2148",775,1976,"1-265",797,79701,"Myanmar (Burma)","LNUP",1756,4,4,0,0,0,0,0,1,0,-0.313402278386849,-1.59068685824387,1,0,0,0,0,0.0953101798043249
"2152",775,1977,"1-265",797,79701,"Myanmar (Burma)","LNUP",1756,5,5,0,0,0,0,0,1,0,-0.313402278386849,-1.59068685824387,1,0,0,0,0,0.0953101798043249
"2158",775,1977,"1-67",747,74702,"Myanmar (Burma)","SURA",1094,4,2,0,0,0,0,0,1,0,-0.313402278386849,-1.59068685824387,2,0,0,0,0,0.0953101798043249
"2161",775,1978,"1-265",797,79701,"Myanmar (Burma)","LNUP",1756,6,6,0,0,0,0,0,1,0,-0.313402278386849,-1.59068685824387,1,0,0,0,0,0.0953101798043249
"2164",775,1978,"1-67",747,74702,"Myanmar (Burma)","SURA",1094,5,3,0,0,0,0,0,1,0,-0.313402278386849,-1.59068685824387,2,0,0,0,0,0.0953101798043249
"2165",775,1979,"1-67",747,74702,"Myanmar (Burma)","SURA",1094,6,4,0,0,0,0,0,1,0,-0.313402278386849,-1.59068685824387,2,0,0,0,0,0.0953101798043249
"2169",775,1979,"1-265",797,79701,"Myanmar (Burma)","LNUP",1756,7,7,0,0,0,0,0,1,0,-0.313402278386849,-1.59068685824387,1,0,0,0,0,0.0953101798043249
"2171",775,1980,"1-67",747,74702,"Myanmar (Burma)","SURA",1094,7,5,0,0,0,0,0,1,0,-0.313402278386849,-1.59068685824387,2,0,0,0,0,0.0953101798043249
"2173",775,1980,"1-265",797,79701,"Myanmar (Burma)","LNUP",1756,8,8,0,0,0,0,0,1,0,-0.313402278386849,-1.59068685824387,1,0,0,0,0,0.0953101798043249
"2177",775,1981,"1-265",797,79701,"Myanmar (Burma)","LNUP",1756,9,9,0,0,0,0,0,1,0,-0.313402278386849,-1.59068685824387,1,1,1,0.0953101798043249,0.0953101798043249,0.0953101798043249
"2179",775,1981,"1-67",747,74702,"Myanmar (Burma)","SURA",1094,8,6,0,0,0,0,0,1,0,-0.313402278386849,-1.59068685824387,2,1,1,0.0953101798043249,0.0953101798043249,0.0953101798043249
"2182",775,1982,"1-265",797,79701,"Myanmar (Burma)","LNUP",1756,10,10,1,6,0,0,0,1,0,-0.313402278386849,-1.59068685824387,1,1,1,0.0953101798043249,0.0953101798043249,0.0953101798043249
"2184",775,1982,"1-67",747,74702,"Myanmar (Burma)","SURA",1094,9,7,0,0,0,0,0,1,0,-0.313402278386849,-1.59068685824387,2,1,1,0.0953101798043249,0.0953101798043249,0.0953101798043249
"2185",775,1983,"1-67",747,74702,"Myanmar (Burma)","SURA",1094,10,8,1,6,0,0,0,1,0,-0.313402278386849,-1.59068685824387,2,1,1,0.0953101798043249,0.0953101798043249,0.0953101798043249
"2370",811,1982,"1-103",379,37901,"Cambodia (Kampuchea)","FUNCINPEC",1115,1,1,0,0,0,0,0,1,0,2.39900345491957,-1.99883763999835,2,2,2,0.741937344729377,0.741937344729377,0.0953101798043249
"2372",811,1983,"1-103",379,37901,"Cambodia (Kampuchea)","FUNCINPEC",1115,2,2,0,0,0,0,0,1,0,2.39900345491957,-1.99883763999835,2,2,2,0.741937344729377,0.741937344729377,0.0953101798043249
"2376",811,1984,"1-103",379,37901,"Cambodia (Kampuchea)","FUNCINPEC",1115,3,3,0,0,0,0,0,1,0,2.39900345491957,-1.99883763999835,2,2,6,0.741937344729377,1.80828877117927,0.0953101798043249
"2377",811,1985,"1-103",379,37901,"Cambodia (Kampuchea)","FUNCINPEC",1115,4,4,0,0,0,0,0,1,0,2.39900345491957,-1.99883763999835,2,2,2,0.741937344729377,0.741937344729377,0.0953101798043249
"2381",811,1986,"1-103",379,37901,"Cambodia (Kampuchea)","FUNCINPEC",1115,5,5,0,0,0,0,0,1,0,2.39900345491957,-1.99883763999835,2,2,2,0.741937344729377,0.741937344729377,0.0953101798043249
"2383",811,1987,"1-103",379,37901,"Cambodia (Kampuchea)","FUNCINPEC",1115,6,6,0,0,0,0,0,1,0,2.39900345491957,-1.99883763999835,2,2,2,0.741937344729377,0.741937344729377,0.0953101798043249
"2387",811,1988,"1-103",379,37901,"Cambodia (Kampuchea)","FUNCINPEC",1115,7,7,0,0,0,0,0,1,0,2.39900345491957,-1.99883763999835,2,2,2,0.741937344729377,0.741937344729377,0.0953101798043249
"2390",811,1989,"1-103",379,37901,"Cambodia (Kampuchea)","FUNCINPEC",1115,8,8,1,5,0,0,0,1,0,2.39900345491957,-1.99883763999835,2,2,2,0.741937344729377,0.741937344729377,0.0953101798043249
"2396",811,1991,"1-103",379,37902,"Cambodia (Kampuchea)","FUNCINPEC",1115,9,1,1,1,1,1,0,1,0,2.11663351942096,-1.99609851237998,2,2,2,0.741937344729377,0.741937344729377,0.0953101798043249
"2402",811,1997,"1-103",379,37903,"Cambodia (Kampuchea)","FUNCINPEC",1115,10,1,1,1,1,1,0,NA,NA,0.213262631463188,-0.828204782625805,2,6,2,1.80828877117927,0.741937344729377,NA
"2422",817,1955,"1-52",614,61401,"South Vietnam","FNL",1063,1,1,0,0,0,0,0,NA,NA,0.621313645596637,0.554164009151042,2,0,0,0,0,NA
"2423",817,1956,"1-52",614,61401,"South Vietnam","FNL",1063,2,2,0,0,0,0,0,NA,NA,0.621313645596637,0.554164009151042,2,0,0,0,0,NA
"2424",817,1957,"1-52",614,61401,"South Vietnam","FNL",1063,3,3,0,0,0,0,0,NA,NA,0.621313645596637,0.554164009151042,2,0,0,0,0,NA
"2425",817,1958,"1-52",614,61401,"South Vietnam","FNL",1063,4,4,0,0,0,0,0,NA,NA,0.621313645596637,0.554164009151042,2,0,0,0,0,NA
"2426",817,1959,"1-52",614,61401,"South Vietnam","FNL",1063,5,5,0,0,0,0,0,NA,NA,0.621313645596637,0.554164009151042,2,0,0,0,0,NA
"2427",817,1960,"1-52",614,61401,"South Vietnam","FNL",1063,6,6,0,0,0,0,0,NA,NA,0.621313645596637,0.554164009151042,2,0,0,0,0,NA
"2428",817,1961,"1-52",614,61401,"South Vietnam","FNL",1063,7,7,0,0,0,0,0,NA,NA,0.621313645596637,0.554164009151042,2,0,0,0,0,NA
"2429",817,1962,"1-52",614,61401,"South Vietnam","FNL",1063,8,8,0,0,0,0,0,NA,NA,0.621313645596637,0.554164009151042,2,0,0,0,0,NA
"2430",817,1963,"1-52",614,61401,"South Vietnam","FNL",1063,9,9,0,0,0,0,0,NA,NA,0.621313645596637,0.554164009151042,2,0,0,0,0,NA
"2431",817,1964,"1-52",614,61401,"South Vietnam","FNL",1063,10,10,1,6,0,0,0,NA,NA,-0.456008933950305,0.554164009151042,2,0,0,0,0,NA
